79744,Lane,Jen,jen@bct123.org,Birmingham Children's Theatre,AUD,122637,Wahl,Nikki,nikki@bct123.org,Birmingham Children's Theatre,AUD,94139,Nason,Wally,nasonmusicgroup@aol.com,Blue Gate Musicals,AUD,86230,Hesselman,Jim,caryburr@aol.com,Circa '21 Dinner Playhouse,AUD,105143,Wiger,Cary,noemail@setc.org,Circa '21 Dinner Playhouse,AUD,122341,TBD,TBD,noemail@setc.org,Cortland Repertory Theatre,AUD,Left message with Kerby Thompson @ TBD Rep86096,Thompson,Kerby,cortlandrep@hotmail.com,Cortland Repertory Theatre,AUD,123345,Armbrecht,Amy,amy.armbrecht@ymail.com,D&G Entertainment Design,AUD,55163,Knechtel,Brandon,grandon@dandgentertainmentdesigns.com,D&G Entertainment Design,AUD,54161,Bradley,Justin,jbradley@dollywood.com,Dollywood Entertainment Productions,AUD,80567,Smith,Chance,auditions@dollywood.com,Dollywood Entertainment Productions,AUD,88873,Thomason-Bales,Paige,athomason@dollywood.com,Dollywood Entertainment Productions,AUD,77754,Gaudioso,Stacy,stacy@pgtpi.com,Edge Entertainment,AUD,58725,Terhune,Cathy,stacy@pgtpi.com,Edge Entertainment,AUD,124923,Terhune,Tori,noemail@setc.org,Edge Entertainment,AUD,82654,White,J. Steven,stevewhite@stellaadler.com,Harold Clurman Lab Theatre,AUD,72686,Williams,Don,don@stellaadler.com,Harold Clurman Lab Theatre,AUD,124051,Montgomery,Julie,jmontgomery@liverocknrolltheater.com,Live Rock N Roll Theater,AUD,103917,Hasser,Kevin,khasser@olneytheatre.org,National Players,AUD,107606,Casamento Libby,Tina Marie,tinal@networkstours.com,NETworks Presentations,AUD,124737,LoBuono,Daniel,dlobuono@ncl.com,Norwegian Cruise Line,AUD,82562,Jones,Jason,jkjones@olneytheatre.org,Olney Theatre Center,AUD,123361,Hillen-Noufer,Michele,hillenm@sactheatre.org,Sacramento Theatre Company,AUD,123362,Laun,Michael,launm@sactheatre.org,Sacramento Theatre Company,AUD,111730,Ell-Suders,Courtney,courtney.ell-suders@sight-sound.com,Sight & Sound Theatres,AUD,43009,Flannagan,Ford,fflannagan@virginiarep.org,Theatre IV,AUD,42564,Bonamico,Joe,joemico1@gmail.com,Trumpet in the Land,AUD,42563,Bonamico,Margaret,trumpet@tusco.net,Trumpet in the Land,AUD,59574,Clark,Joe,joeclark@tweetsie.com,Tweetsie Railroad,AUD,99199,Geddie,Kris,kgeddie@venicestage.com,Venice Theatre,AUD,83573,Kollar,Allan,allankollar@venicestage.com,Venice Theatre,AUD,79149,Savas,Paul,bounced@setc.org,Warehouse Theatre,AUD,115779,Tromsness,Anne,anne@warehousetheatre.com,Warehouse Theatre,AUD,56107,Grant,Adrienne,producer@arundelbarnplayhouse.com,Arundel Barn Playhouse,Both,110526,Burch,Lyndsay,lyndsayhburch@gmail.com,B Street Theatre,Both,49210,Busfield,Buck,bbusfield@bstreettheatre.org,B Street Theatre,Both,55905,Thomson,Brach,bpct@bigforksummerplayhouse.com,Bigfork Summer Playhouse,Both,42508,Thomson,Don,dthomson@bigforksummerplayhouse.com,Bigfork Summer Playhouse,Both,46685,Thomson,Jude,dthomson@bigforksummerplayhouse.com,Bigfork Summer Playhouse,Both,82011,Harrison,Heather,heather.harrison@buschgardens.com,Busch Gardens Tampa Bay,Both,61089,Hlasnick,Chris,chris.hlasnick@buschgardens.com,Busch Gardens Tampa Bay,Both,74112,Roberts,Louie,louie.roberts@buschgardens.com,Busch Gardens Tampa Bay,Both,122863,Crow,Alex,justin.crow@buschgardens.com,Busch Gardens Williamsburg,Both,118510,Mier,Lance,lance.mier@buschgardens.com,Busch Gardens Williamsburg,Both,116383,Raybourn,Phil,phil.raybourn@buschgardens.com,Busch Gardens Williamsburg,Both,88406,Bradshaw,Charles,cbradshaw@cedarfair.com,Cedar Point Live Entertainment,Both,52308,Deming,Daniel,ddeming@cedarpoint.com,Cedar Point Live Entertainment,Both,80293,Jones,Lisa,ljones@cedarpoint.com,Cedar Point Live Entertainment,Both,42914,Hollis,Tom,tom.hollis@cpcc.edu,Central Piedmont Summer Theatre,Both,56577,Mabry,Eddie,eddiemabrytalent@aol.com,CPCC Children's Theatre,Both,92753,Chisholm,Ron,rchis2@aol.com,CPCC Children's Theatre,Both,52037,Keen,Drina,drina.keen@cpcc.edu,CPCC Children's Theatre,Both,94215,O'Hare,Heidi,hohare@uncc.edu,CPCC Children's Theatre,Both,116023,Bailey,Peyton,peyton.bailey@cpcc.edu,Central Piedmont Summer Theatre,Both,59021,Duke,James,james.duke@cpcc.edu,Central Piedmont Summer Theatre,Both,62345,Ketcham,Don,don.ketcham@cpcc.edu,Central Piedmont Summer Theatre,Both,122834,Puckett,Susan,susan.puckett@cpcc.edu,Central Piedmont Summer Theatre,Both,118710,Wilber,Joe,noemail@setc.org,Central Piedmont Summer Theatre,Both,48733,Buckholz,Lee,abc@derbydinner.com,Derby Dinner Playhouse,Both,124833,Adams,Jennifer,jadams@firststage.org,First Stage,Both,122463,Bryant,Lisa,lisa@flatrockplayhouse.org,Flat Rock Playhouse,Both,122464,Goodrum,Adam,adam@flatrockplayhouse.org,Flat Rock Playhouse,Both,46206,Maulden,Dennis,dennis@flatrockplayhouse.org,Flat Rock Playhouse,Both,97086,Zanca,Katie,katie@flatrockplayhouse.org,Flat Rock Playhouse,Both,117129,Bailey,Bruce,bbailey@floridarep.org,Florida Repertory Theatre,Both,86773,Griffin,Sean,sgriffin@floridarep.org,Florida Repertory Theatre,Both,100295,Palmer,Olivia,opalmer.op@gmail.com,Florida Repertory Theatre,Both,122553,Sale,Lauren,lsale@floridarep.org,Florida Repertory Theatre,Both,117023,Elser,Christian,christian@glowlyric.com,GLOW Lyric Theatre,Both,83209,Elser,Jenna,jennatamisiea@gmail.com,GLOW Lyric Theatre,Both,92904,Frazier,Kevin,kevin.frazier.complete@gmail.com,GLOW Lyric Theatre,Both,103778,Rada,Brandon,bmrada225@gmail.com,GLOW Lyric Theatre,Both,123520,Scholz-Carlson,Doug,dougsc@grsf.org,Great River Shakespeare Festival,Both,123519,Suardi,Peter,noemail@setc.org,Great River Shakespeare Festival,Both,123962,Card,Stephanie,lab@hangartheatre.org,Hangar Theatre,Both,111607,Zonder,Adam,adam@hangartheatre.org,Hangar Theatre,Both,86747,Kinter,Julie,jingridkin@earthlink.net,Haywood Arts Regional Theatre (HART),Both,47489,Lloyd,Steven,harttheater@gmail.com,Haywood Arts Regional Theatre (HART),Both,111081,Doty,Kenneth,kgdoty@hersheypa.com,Hersheypark Entertainment,Both,122836,Knoll,Andrea,alknoll@hersheypa.com,Hersheypark Entertainment,Both,64614,Paul,Jen,jpaul@hersheypa.com,Hersheypark Entertainment,Both,122835,Perez,Kelly,kmperez@hersheypa.com,Hersheypark Entertainment,Both,111082,Windish,Michael,audition@hersheypa.com,Hersheypark Entertainment,Both,122723,Allbee,Scott,noemail@setc.org,Highlands Playhouse,Both,98505,Bailey,Brieanna,bbailey@rabungap.org,Highlands Playhouse,Both,79275,Patti,Bill,wdpatti@gmail.com,Highlands Playhouse,Both,70187,Lee,Teresa,leete@appstate.edu,Horn in the West,Both,118548,Neff,Alice,aliceneff2@yahoo.com,Horn in the West,Both,118549,Williams,Greg,greg@positivecontrast.com,Horn in the West,Both,46195,Bremer,Christopher,c.bremer@jettheatre.org,Jewish Ensemble Theatre,Both,112134,Ellis,Dan,askthecast@lctonstage.org,Lexington Children's Theatre,Both,86110,Farmer,Lesley,lfarmer@lctonstage.org,Lexington Children's Theatre,Both,58612,Kisling,Jeremy,jkisling@lctonstage.org,Lexington Children's Theatre,Both,123325,Pribble,Jessica,jpribble@lctonstage.org,Lexington Children's Theatre,Both,54355,Snipes,Larry,lsnipes@lctonstage.org,Lexington Children's Theatre,Both,42589,Snipes,Vivian,vsnipes@lctonstage.org,Lexington Children's Theatre,Both,81253,Culpepper,Lance,lance@thelostcolony.org,"Lost Colony, The",Both,122662,Prescott,Jordan,noemail@setc.org,"Lost Colony, The",Both,110533,"Wood, III",Ira David,idw@aol.com,"Lost Colony, The",Both,110567,Clark,Curt Dale,artd@msmt.org,Maine State Music Theatre (MSMT),Both,122482,TBD,TBD,noemail@setc.org,Maine State Music Theatre (MSMT),Both,Left message with Kathi Kacinski @ TBD Rep54297,Davenport,Matt,matt@mattdavenportproductions.com,Matt Davenport Productions,Both,122012,Davenport,Matthew,matthew@castm.co,Matt Davenport Productions,Both,116547,Henry,Kyle,kyle@mattdavenportproductions.com,Matt Davenport Productions,Both,119403,Wohlers,Vanessa,vanessa@mattdavenportproductions.com,Matt Davenport Productions,Both,57665,Kidd,Tom,tkidd@siu.edu,McLeod Summer Playhouse,Both,117017,Smith,Kevin,scholaman@yahoo.com,McLeod Summer Playhouse,Both,46269,Varns,Mark,varns@siu.edu,McLeod Summer Playhouse,Both,122342,Walker,Cody,codywalker@siu.edu,McLeod Summer Playhouse,Both,71486,Glover,Matthew,matthew@millmountain.org,Mill Mountain Theatre,Both,111204,Poole,Ginger,ginger@millmountain.org,Mill Mountain Theatre,Both,93265,Boris,Greg,gboris@mctinc.org,Missoula Children's Theatre,Both,87084,Correia,Kepler,kcorreia@mctinc.org,Missoula Children's Theatre,Both,111087,Martinez,Joe,jmartinez@mctinc.org,Missoula Children's Theatre,Both,118303,Bisson,Beau,bbisson@omahaplayhouse.com,Nebraska Theatre Caravan,Both,52833,Marsh,Lara,lmarsh@omahaplayhouse.com,Nebraska Theatre Caravan,Both,46143,Scheer,Greg,gscheer@omahaplayhouse.com,Nebraska Theatre Caravan,Both,110172,Gutschick,Matt,mattg@rosetheater.org,Omaha Theater,Both,52022,Hard,Jennifer,jenniferh@rosetheater.org,Omaha Theater,Both,103820,Toth,Kyle,kylet@rosetheater.org,Omaha Theater,Both,116717,Bonner,Jennifer,jenniferb@orlandoshakes.org,Orlando Shakespeare Theater,Both,56257,Hamrah,George,gnhamrah@gmail.com,Orlando Shakespeare Theater,Both,122364,TBD,TBD,noemail@setc.org,Peach State Summer Theatre (PSST!),Both,Spoke with Duke Guthrie @ TBD Rep52361,Wheeler,Jacque,jwheeler@valdosta.edu,Peach State Summer Theatre (PSST!),Both,46306,Detroit,Mike,upta@upta.org,Playhouse On The Square,Both,122414,Hughen,Katharine,noemail@setc.org,Playhouse On The Square,Both,42647,Nichols,Jackie,jackie@playhouseonthesquare.org,Playhouse On The Square,Both,93986,Jones,Chris,prizery@mac.com,"Prizery, The",Both,124757,Burns,Patrick,patrick@theredhouse.org,Redhouse Arts Center,Both,89717,Cotter,David,david@theredhouse.org,Redhouse Arts Center,Both,124756,Svoboda,Stephen,stephen@theredhouse.org,Redhouse Arts Center,Both,82217,Atkins,Kyle,kylea@riversidetheatre.com,Riverside Theatre,Both,48970,Moses,Jon,jmoses@riversidetheatre.com,Riverside Theatre,Both,124789,Anderson,J. David,noemail@setc.org,RWS & Associates Entertainment,Both,110177,Leduc,Joe,joe@rwsandassociates.com,RWS & Associates Entertainment,Both,80291,Pociask,Alicia,alicia@rwsandassociates.com,RWS & Associates Entertainment,Both,110176,Warfield,Franklyn,franklyn@rwsandassociates.com,RWS & Associates Entertainment,Both,123998,Butler,Gretchen,gretchen@serenbeplayhouse.com,Serenbe Playhouse,Both,118501,Clowdus,Brian,brian@serenbeplayhouse.com,Serenbe Playhouse,Both,118502,Oliveti,Ryan,ryan@serenbeplayhouse.com,Serenbe Playhouse,Both,89773,Adams,Jenn,jenadam2@gmail.com,Shenandoah Summer Music Theatre,Both,46661,Albert,Tom,talbert@su.edu,Shenandoah Summer Music Theatre,Both,43028,Bozman,Mac,mbozman@su.edu,Shenandoah Summer Music Theatre,Both,83676,Flom,Jonathan,jflom@su.edu,Shenandoah Summer Music Theatre,Both,122626,Coulson,Carolyn,ccoulson@su.edu,Shenandoah Summer Music Theatre,Both,49253,Ingham,Will,wingham@su.edu,Shenandoah Summer Music Theatre,Both,94052,Male,Jenny,jmale@howardcc.edu,Tecumseh! - Outdoor Drama,Both,57794,Bertrand,Blaine,bbertrand@tphf.com,Tecumseh! - Outdoor Drama,Both,57796,Bertrand,Crystal,cbertrand@tphf.com,Tecumseh! - Outdoor Drama,Both,98317,Kuhnert,Cloyce,cloycek@suddenlink.net,Texas Musical Drama,Both,81416,Yirak,Dave,dyirak@tphf.com,Texas Musical Drama,Both,54836,Armbrister,Chris,chris@stagedoorjobs.com,Thin Air Theatre Company,Both,80307,Burdick,Mickey,mickeyburdick@hotmail.com,Thin Air Theatre Company,Both,103865,Collins,Christopher,ccollins36@me.com,Unto These Hills,Both,43198,Hunley-Graham,Marina,marina@cherokeeadventure.com,Unto These Hills,Both,93128,Squirrel,Linda,lsquirrel@cherokeehistorical.org,Unto These Hills,Both,73394,Tissue,John,jptissue@gmail.com,Unto These Hills,Both,